<?xml version='1.0' encoding='UTF-8'?>
<!DOCTYPE hibernate-configuration PUBLIC
	"-//Hibernate/Hibernate Configuration DTD 3.0//EN"
	"http://www.hibernate.org/dtd/hibernate-configuration-3.0.dtd">
<hibernate-configuration>
<session-factory>


	<property name="hibernate.connection.driver_class">
		com.mysql.jdbc.Driver
	</property>
	<property name="hibernate.connection.username">root</property>
	<property name="hibernate.connection.password">123</property>
	<property name="hibernate.connection.url">
		jdbc:mysql://localhost:3306/tieba
	</property>

	<property name="format_sql">false</property>
	<property name="show_sql">false</property>
	<property name="hbm2ddl.auto">update</property>
	<property name="current_session_context_class">thread</property>
	<property name="dialect">
		org.hibernate.dialect.MySQLDialect
	</property>
	<!-- 使用c3p0连接池 -->
	<property name="hibernate.connection.provider_class">org.hibernate.connection.C3P0ConnectionProvider</property>
	<!-- 连接池最大个数 -->
	<property name="c3p0.max_size">30</property>
	<!-- 连接池最小个数 -->
	<property name="c3p0.min_size">5</property>
	<!-- 连接超时时间 -->
	<property name="c3p0.timeout">1800</property>
	<!-- statement缓存大小 -->
	<property name="c3p0.max_statements">100</property>
	<!-- 当连接池内连接耗尽  一次增加一个 -->
	<property name="c3p0.acquire_increment">1</property>
	<!-- 每隔多少秒检测连接是否可正常使用 -->
	<property name="c3p0.idle_test_period">1800</property>
	
	<mapping resource="com/scx/domain/DanMu.hbm.xml" />

</session-factory>
</hibernate-configuration>