<?xml version='1.0' encoding='UTF-8'?>
  <!DOCTYPE struts PUBLIC
"-//Apache Software Foundation//DTD Struts Configuration 2.3//EN"
"http://struts.apache.org/dtds/struts-2.3.dtd">

<struts>
	<constant name="struts.DevMode" value="true"></constant>
	<constant name="struts.ognl.allowStaticMethodAccess" value="true"></constant>
	
	<package name="DanMu" namespace="/DanMu" extends="struts-default">
		<action name="DanMu_*" class="com.scx.web.action.DanMuAjaxAction" method="{1}">
		</action>
	</package>
</struts>

